month,avg_debit
1,26.570382022668745
2,28.29846051038639
3,26.615140146049104
4,28.512453141620874
5,32.94732208519391
6,31.48052098585339
7,21.775591125916755
8,14.479187833501973
9,14.682075669005576
10,19.750113894461396
11,24.37241230666506
12,25.94686419580546
