month,sum_debit
1,3.033434233999996
2,2.9452471729999994
3,3.043308200000002
4,3.162886426999999
5,3.777608160999989
6,3.495943335999991
7,2.497028809999993
8,1.660647011000007
9,1.6300480870000074
10,2.264350558000005
11,2.7009019869999973
12,2.970422960000005
