filiere,sum_impact
Charbon,0.010440000000000001
Fuel / TAC,0.012685000000000002
Gaz fossile,0.027371999999999997
Nucléaire,0.3719269999999999
Hydraulique,0.47869568999999507
