kind,sum_impact
Chronique,0.0
Fortuite,0.10537288000000006
Planifiée,0.7957468100000095
